latitude,rating,url,name,longitude
40.71689,4.5,https://www.tripadvisor.com/Restaurant_Review-g60763-d423304-Reviews-Bouley-New_York_City_New_York.html,Bouley,-74.00905
40.71749,4.5,https://www.tripadvisor.com/Restaurant_Review-g60763-d424246-Reviews-Scalini_Fedeli-New_York_City_New_York.html,Scalini Fedeli,-74.00933
40.718307,4,https://www.tripadvisor.com/Restaurant_Review-g60763-d2704904-Reviews-Sarabeth_s_Tribeca-New_York_City_New_York.html,Sarabeth's Tribeca,-74.01025
40.71656,4.5,https://www.tripadvisor.com/Restaurant_Review-g60763-d1765589-Reviews-Marc_Forgione-New_York_City_New_York.html,Marc Forgione,-74.009544
40.717247,4.5,https://www.tripadvisor.com/Restaurant_Review-g60763-d424290-Reviews-Gigino_Trattoria-New_York_City_New_York.html,Gigino Trattoria,-74.010414
40.723717,4.5,https://www.tripadvisor.com/Restaurant_Review-g60763-d5494833-Reviews-The_Greek_Tribeca-New_York_City_New_York.html,The Greek Tribeca,-74.00974
40.71874,4.5,https://www.tripadvisor.com/Restaurant_Review-g60763-d2345886-Reviews-Jungsik-New_York_City_New_York.html,Jungsik,-74.00891
40.716904,4.5,https://www.tripadvisor.com/Restaurant_Review-g60763-d4680324-Reviews-Khe_Yo-New_York_City_New_York.html,Khe-Yo,-74.0086
40.71698,4.5,https://www.tripadvisor.com/Restaurant_Review-g60763-d424288-Reviews-The_Odeon-New_York_City_New_York.html,The Odeon,-74.007835
40.7161,4.5,https://www.tripadvisor.com/Restaurant_Review-g60763-d7207209-Reviews-Tribeca_s_Kitchen-New_York_City_New_York.html,Tribeca's Kitchen,-74.00703
40.719505,4.5,https://www.tripadvisor.com/Restaurant_Review-g60763-d6663091-Reviews-Batard-New_York_City_New_York.html,Batard,-74.00578
40.71481,4,https://www.tripadvisor.com/Restaurant_Review-g60763-d6561468-Reviews-El_Vez-New_York_City_New_York.html,El Vez,-74.01542
40.71889,4.5,https://www.tripadvisor.com/Restaurant_Review-g60763-d4400141-Reviews-Distilled-New_York_City_New_York.html,Distilled,-74.00638
40.71557,4.5,https://www.tripadvisor.com/Restaurant_Review-g60763-d7342493-Reviews-Little_Park-New_York_City_New_York.html,Little Park,-74.009155
40.716812,4,https://www.tripadvisor.com/Restaurant_Review-g60763-d584947-Reviews-Ninja_New_York-New_York_City_New_York.html,Ninja New York,-74.009384
40.721233,4,https://www.tripadvisor.com/Restaurant_Review-g60763-d1368259-Reviews-Wolfgang_s_Steakhouse_Tribeca-New_York_City_New_York.html,Wolfgang's Steakhouse - Tribeca,-74.00973
40.715603,4.5,https://www.tripadvisor.com/Restaurant_Review-g60763-d1021502-Reviews-Zucker_s_Bagels_Smoked_Fish-New_York_City_New_York.html,Zucker's Bagels & Smoked Fish,-74.00981
40.716724,4,https://www.tripadvisor.com/Restaurant_Review-g60763-d2500129-Reviews-Tiny_s_The_Bar_Upstairs-New_York_City_New_York.html,Tiny's & The Bar Upstairs,-74.00803
40.714207,4.5,https://www.tripadvisor.com/Restaurant_Review-g60763-d4518438-Reviews-Blue_Spoon_Coffee_Company-New_York_City_New_York.html,Blue Spoon Coffee Company,-74.00672
40.716915,4.5,https://www.tripadvisor.com/Restaurant_Review-g60763-d3599839-Reviews-Atera-New_York_City_New_York.html,Atera,-74.005516
40.715366,4.5,https://www.tripadvisor.com/Restaurant_Review-g60763-d2520163-Reviews-North_End_Grill-New_York_City_New_York.html,North End Grill,-74.01545
40.71911,4.5,https://www.tripadvisor.com/Restaurant_Review-g60763-d1985904-Reviews-Tamarind_Tribeca-New_York_City_New_York.html,Tamarind - Tribeca,-74.009026
40.714787,4,https://www.tripadvisor.com/Restaurant_Review-g60763-d3652763-Reviews-Blue_Smoke-New_York_City_New_York.html,Blue Smoke,-74.0156
40.71992,4,https://www.tripadvisor.com/Restaurant_Review-g60763-d1048640-Reviews-Locanda_Verde-New_York_City_New_York.html,Locanda Verde,-74.009926
40.72075,4.5,https://www.tripadvisor.com/Restaurant_Review-g60763-d423293-Reviews-Pepolino-New_York_City_New_York.html,Pepolino,-74.00489
40.719822,4,https://www.tripadvisor.com/Restaurant_Review-g60763-d423473-Reviews-Bubby_s-New_York_City_New_York.html,Bubby's,-74.00831
40.71205,4.5,https://www.tripadvisor.com/Restaurant_Review-g60763-d2614259-Reviews-Stage_Door_Deli-New_York_City_New_York.html,Stage Door Deli,-74.009735
40.71963,4.5,https://www.tripadvisor.com/Restaurant_Review-g60763-d1229836-Reviews-Macao_Trading_Co-New_York_City_New_York.html,Macao Trading Co,-74.00394
40.719566,4.5,https://www.tripadvisor.com/Restaurant_Review-g60763-d451090-Reviews-Nobu-New_York_City_New_York.html,Nobu,-74.00887
40.71289,4,https://www.tripadvisor.com/Restaurant_Review-g60763-d4569961-Reviews-Dunkin_Donuts-New_York_City_New_York.html,Dunkin' Donuts,-74.00758
40.714985,4.5,https://www.tripadvisor.com/Restaurant_Review-g60763-d5210045-Reviews-Mulberry_Vine-New_York_City_New_York.html,Mulberry & Vine,-74.0102
40.7189,4,https://www.tripadvisor.com/Restaurant_Review-g60763-d1749407-Reviews-Petrarca_Cucina_e_Vino-New_York_City_New_York.html,Petrarca Cucina e Vino,-74.004585
40.714554,4.5,https://www.tripadvisor.com/Restaurant_Review-g60763-d6903553-Reviews-Racines-New_York_City_New_York.html,Racines,-74.00757
40.719604,4,https://www.tripadvisor.com/Restaurant_Review-g60763-d423330-Reviews-Tribeca_Grill-New_York_City_New_York.html,Tribeca Grill,-74.01003
40.716473,4,https://www.tripadvisor.com/Restaurant_Review-g60763-d1368273-Reviews-The_Palm_Tribeca-New_York_City_New_York.html,The Palm - Tribeca,-74.0126
40.71519,4,https://www.tripadvisor.com/Restaurant_Review-g60763-d459257-Reviews-Mudville_9-New_York_City_New_York.html,Mudville 9,-74.0089
40.71922,4,https://www.tripadvisor.com/Restaurant_Review-g60763-d423251-Reviews-Thalassa-New_York_City_New_York.html,Thalassa,-74.00955
40.718616,4.5,https://www.tripadvisor.com/Restaurant_Review-g60763-d7233868-Reviews-Baked-New_York_City_New_York.html,Baked,-74.004776
40.71928,4,https://www.tripadvisor.com/Restaurant_Review-g60763-d6028845-Reviews-Terra_Wine_Bar-New_York_City_New_York.html,Terra Wine Bar,-74.00647
40.720013,4.5,https://www.tripadvisor.com/Restaurant_Review-g60763-d2734381-Reviews-La_Colombe_Torrefaction-New_York_City_New_York.html,La Colombe Torrefaction,-74.00393
40.714767,4,https://www.tripadvisor.com/Restaurant_Review-g60763-d2655435-Reviews-ATRIO_Bar_Restaurant-New_York_City_New_York.html,ATRIO Bar & Restaurant,-74.01599
40.718468,4,https://www.tripadvisor.com/Restaurant_Review-g60763-d549298-Reviews-Square_Diner-New_York_City_New_York.html,Square Diner,-74.00725
40.719036,4,https://www.tripadvisor.com/Restaurant_Review-g60763-d5327176-Reviews-American_Cut-New_York_City_New_York.html,American Cut,-74.01034
40.71432,4.5,https://www.tripadvisor.com/Restaurant_Review-g60763-d7757313-Reviews-Gran_Morsi-New_York_City_New_York.html,Gran Morsi,-74.00777
40.720978,4.5,https://www.tripadvisor.com/Restaurant_Review-g60763-d3734303-Reviews-Tribeca_Bagels-New_York_City_New_York.html,Tribeca Bagels,-74.004364
40.716934,4.5,https://www.tripadvisor.com/Restaurant_Review-g60763-d4191699-Reviews-Weather_Up-New_York_City_New_York.html,Weather Up,-74.00874
40.720634,4,https://www.tripadvisor.com/Restaurant_Review-g60763-d1436043-Reviews-Nancy_Whiskey_Pub-New_York_City_New_York.html,Nancy Whiskey Pub,-74.00497
40.71848,4,https://www.tripadvisor.com/Restaurant_Review-g60763-d424258-Reviews-Zutto-New_York_City_New_York.html,Zutto,-74.00908
40.71938,4.5,https://www.tripadvisor.com/Restaurant_Review-g60763-d1318360-Reviews-Church_Lounge_Tribeca_Grand_Hotel-New_York_City_New_York.html,Church Lounge @ Tribeca Grand Hotel,-74.00478
40.717403,4.5,https://www.tripadvisor.com/Restaurant_Review-g60763-d3418339-Reviews-Laughing_Man-New_York_City_New_York.html,Laughing Man,-74.01018
40.71772,5,https://www.tripadvisor.com/Restaurant_Review-g60763-d4616655-Reviews-Billys_Bakery-New_York_City_New_York.html,Billys Bakery,-74.00452
40.715305,4,https://www.tripadvisor.com/Restaurant_Review-g60763-d5085506-Reviews-Kaffe_1668-New_York_City_New_York.html,Kaffe 1668,-74.011375
40.71505,4.5,https://www.tripadvisor.com/Restaurant_Review-g60763-d1034743-Reviews-Patriot_Saloon-New_York_City_New_York.html,Patriot Saloon,-74.00821
40.715286,4,https://www.tripadvisor.com/Restaurant_Review-g60763-d5562885-Reviews-Harry_s_Italian-New_York_City_New_York.html,Harry's Italian,-74.01481
40.717316,4,https://www.tripadvisor.com/Restaurant_Review-g60763-d424257-Reviews-Roc_Restaurant-New_York_City_New_York.html,Roc Restaurant,-74.0105
40.72138,4,https://www.tripadvisor.com/Restaurant_Review-g60763-d6966967-Reviews-Crave_Espresso_Bar-New_York_City_New_York.html,Crave Espresso Bar,-74.00497
40.714767,4,https://www.tripadvisor.com/Restaurant_Review-g60763-d8559901-Reviews-The_Loopy_Doopy_Rooftop_Bar-New_York_City_New_York.html,The Loopy Doopy Rooftop Bar,-74.01599
40.718456,4,https://www.tripadvisor.com/Restaurant_Review-g60763-d2035627-Reviews-Da_Mikele-New_York_City_New_York.html,Da Mikele,-74.00477
40.720608,4.5,https://www.tripadvisor.com/Restaurant_Review-g60763-d423586-Reviews-Tataki_Japanese_Restaurant-New_York_City_New_York.html,Tataki Japanese Restaurant,-74.00491
40.71968,4.5,https://www.tripadvisor.com/Restaurant_Review-g60763-d8142949-Reviews-Church_Street_Tavern-New_York_City_New_York.html,Church Street Tavern,-74.003876
40.71884,4,https://www.tripadvisor.com/Restaurant_Review-g60763-d457765-Reviews-The_Harrison-New_York_City_New_York.html,The Harrison,-74.01016
40.71938,4.5,https://www.tripadvisor.com/Restaurant_Review-g60763-d10260367-Reviews-The_Roxy_Lounge-New_York_City_New_York.html,The Roxy Lounge,-74.00478
40.718437,4,https://www.tripadvisor.com/Restaurant_Review-g60763-d983685-Reviews-VCafe-New_York_City_New_York.html,VCafe,-74.0103
40.713043,4,https://www.tripadvisor.com/Restaurant_Review-g60763-d3736652-Reviews-Little_Italy_Gourmet_Pizza-New_York_City_New_York.html,Little Italy Gourmet Pizza,-74.00833
40.716488,4.5,https://www.tripadvisor.com/Restaurant_Review-g60763-d933531-Reviews-Rosanjin-New_York_City_New_York.html,Rosanjin,-74.00775
40.72077,4,https://www.tripadvisor.com/Restaurant_Review-g60763-d1955624-Reviews-Lounge_Sheraton_Tribeca-New_York_City_New_York.html,Lounge Sheraton Tribeca,-74.00435
40.714756,4,https://www.tripadvisor.com/Restaurant_Review-g60763-d4077910-Reviews-Maxwell_s-New_York_City_New_York.html,Maxwell's,-74.00655
40.713326,3.5,https://www.tripadvisor.com/Restaurant_Review-g60763-d7256203-Reviews-Barleycorn-New_York_City_New_York.html,Barleycorn,-74.00867
40.720093,4,https://www.tripadvisor.com/Restaurant_Review-g60763-d1436048-Reviews-Smith_and_Mills-New_York_City_New_York.html,Smith and Mills,-74.00976
40.71327,4.5,https://www.tripadvisor.com/Restaurant_Review-g60763-d4015053-Reviews-Manhattan_Proper-New_York_City_New_York.html,Manhattan Proper,-74.00804
40.713825,4.5,https://www.tripadvisor.com/Restaurant_Review-g60763-d2395138-Reviews-Takahachi_Bakery-New_York_City_New_York.html,Takahachi Bakery,-74.008415
40.714943,4,https://www.tripadvisor.com/Restaurant_Review-g60763-d4324735-Reviews-Starbucks-New_York_City_New_York.html,Starbucks,-74.00604
40.717304,4.5,https://www.tripadvisor.com/Restaurant_Review-g60763-d8037039-Reviews-Bar_Cyrk-New_York_City_New_York.html,Bar Cyrk,-74.00857
40.71486,4,https://www.tripadvisor.com/Restaurant_Review-g60763-d4342157-Reviews-Tre_Sorelle-New_York_City_New_York.html,Tre Sorelle,-74.00654
40.71245,4,https://www.tripadvisor.com/Restaurant_Review-g60763-d4324563-Reviews-Starbucks-New_York_City_New_York.html,Starbucks,-74.00829
40.715523,4,https://www.tripadvisor.com/Restaurant_Review-g60763-d4478362-Reviews-Le_Pain_Quotidien-New_York_City_New_York.html,Le Pain Quotidien,-74.01629
40.713577,4.5,https://www.tripadvisor.com/Restaurant_Review-g60763-d4025337-Reviews-Famous_Famiglia_Pizzeria-New_York_City_New_York.html,Famous Famiglia Pizzeria,-74.00835
40.71677,4,https://www.tripadvisor.com/Restaurant_Review-g60763-d4038924-Reviews-Sushi_of_Gari-New_York_City_New_York.html,Sushi of Gari,-74.00847
40.71957,4.5,https://www.tripadvisor.com/Restaurant_Review-g60763-d4249244-Reviews-Girello-New_York_City_New_York.html,Girello,-74.00706
40.71677,4.5,https://www.tripadvisor.com/Restaurant_Review-g60763-d1027941-Reviews-Upstairs_at_Bouley_Bakery-New_York_City_New_York.html,Upstairs at Bouley Bakery,-74.00847
40.714535,3.5,https://www.tripadvisor.com/Restaurant_Review-g60763-d5010751-Reviews-Chipotle_Mexican_Grill-New_York_City_New_York.html,Chipotle Mexican Grill,-74.00636
40.713337,5,https://www.tripadvisor.com/Restaurant_Review-g60763-d10515725-Reviews-Aahar_Indian_Cuisine-New_York_City_New_York.html,Aahar Indian Cuisine,-74.00819
40.71552,4,https://www.tripadvisor.com/Restaurant_Review-g60763-d4114201-Reviews-Starbucks-New_York_City_New_York.html,Starbucks,-74.00884
40.715096,4.5,https://www.tripadvisor.com/Restaurant_Review-g60763-d8051589-Reviews-Battery_Place_Market-New_York_City_New_York.html,Battery Place Market,-74.01465
40.71569,5,https://www.tripadvisor.com/Restaurant_Review-g60763-d8696617-Reviews-Church_Street_Kitchen-New_York_City_New_York.html,Church Street Kitchen,-74.00761
40.71565,4.5,https://www.tripadvisor.com/Restaurant_Review-g60763-d1910989-Reviews-Atomic_Wings_Broadway-New_York_City_New_York.html,Atomic Wings Broadway,-74.00546
40.7154,5,https://www.tripadvisor.com/Restaurant_Review-g60763-d4440492-Reviews-Test_Kitchen-New_York_City_New_York.html,Test Kitchen,-74.00965
40.718163,5,https://www.tripadvisor.com/Restaurant_Review-g60763-d3315309-Reviews-Hillside-New_York_City_New_York.html,Hillside,-74.00892
40.71409,4,https://www.tripadvisor.com/Restaurant_Review-g60763-d8790149-Reviews-Rosa_Mexicano-New_York_City_New_York.html,Rosa Mexicano,-74.00903
40.718544,4.5,https://www.tripadvisor.com/Restaurant_Review-g60763-d1213421-Reviews-B_Flat-New_York_City_New_York.html,B Flat,-74.00477
40.71922,5,https://www.tripadvisor.com/Restaurant_Review-g60763-d7367899-Reviews-Revolution_Sandwich-New_York_City_New_York.html,Revolution Sandwich,-74.00314
40.71735,5,https://www.tripadvisor.com/Restaurant_Review-g60763-d6700033-Reviews-Cafe_Boca_Ciega-New_York_City_New_York.html,Cafe Boca Ciega,-74.00414
40.714554,5,https://www.tripadvisor.com/Restaurant_Review-g60763-d3437961-Reviews-Sunny_One_Restaurant-New_York_City_New_York.html,Sunny One Restaurant,-74.00757
40.719852,5,https://www.tripadvisor.com/Restaurant_Review-g60763-d1435992-Reviews-Anotheroom-New_York_City_New_York.html,Anotheroom,-74.0058
40.721672,5,https://www.tripadvisor.com/Restaurant_Review-g60763-d5451802-Reviews-Tribeca_Film_Festival-New_York_City_New_York.html,Tribeca Film Festival,-74.006134
40.72007,4,https://www.tripadvisor.com/Restaurant_Review-g60763-d1171440-Reviews-Westside_coffee_shop_resturant-New_York_City_New_York.html,westside coffee shop resturant,-74.003624
40.714413,4,https://www.tripadvisor.com/Restaurant_Review-g60763-d4415840-Reviews-Palermo_Pizza-New_York_City_New_York.html,Palermo Pizza,-74.009865
40.714535,4,https://www.tripadvisor.com/Restaurant_Review-g60763-d4292246-Reviews-Saleya-New_York_City_New_York.html,Saleya,-74.00978
40.718933,4,https://www.tripadvisor.com/Restaurant_Review-g60763-d8494187-Reviews-Maison_Kayser-New_York_City_New_York.html,Maison Kayser,-74.01009
40.718163,4.5,https://www.tripadvisor.com/Restaurant_Review-g60763-d4322217-Reviews-Starbucks-New_York_City_New_York.html,Starbucks,-74.00743
40.718918,4,https://www.tripadvisor.com/Restaurant_Review-g60763-d528127-Reviews-Dennis_Restaurant-New_York_City_New_York.html,Dennis' Restaurant,-74.00718
40.71326,4,https://www.tripadvisor.com/Restaurant_Review-g60763-d4940797-Reviews-Pret_A_Manger-New_York_City_New_York.html,Pret A Manger,-74.00979
40.71919,4,https://www.tripadvisor.com/Restaurant_Review-g60763-d4567782-Reviews-The_Butterfly-New_York_City_New_York.html,The Butterfly,-74.00602
40.71865,4,https://www.tripadvisor.com/Restaurant_Review-g60763-d7710523-Reviews-Dahlia_s_Mexican_Restaurant-New_York_City_New_York.html,Dahlia's Mexican Restaurant,-74.01008
40.718983,4.5,https://www.tripadvisor.com/Restaurant_Review-g60763-d6844700-Reviews-Littleneck_Outpost-New_York_City_New_York.html,Littleneck Outpost,-74.006775
40.71911,4,https://www.tripadvisor.com/Restaurant_Review-g60763-d2703386-Reviews-Tribeca_Tap_House-New_York_City_New_York.html,Tribeca Tap House,-74.009964
40.716198,4,https://www.tripadvisor.com/Restaurant_Review-g60763-d4461534-Reviews-McDonald_s-New_York_City_New_York.html,McDonald's,-74.0107
40.720917,3.5,https://www.tripadvisor.com/Restaurant_Review-g60763-d3845983-Reviews-Kaffe_1668-New_York_City_New_York.html,Kaffe 1668,-74.009674
40.718975,4,https://www.tripadvisor.com/Restaurant_Review-g60763-d4479729-Reviews-Starbucks-New_York_City_New_York.html,Starbucks,-74.00263
40.71969,4,https://www.tripadvisor.com/Restaurant_Review-g60763-d3785724-Reviews-Hana_Japanese_Restaurant-New_York_City_New_York.html,Hana Japanese Restaurant,-74.01052
40.72014,3.5,https://www.tripadvisor.com/Restaurant_Review-g60763-d1318840-Reviews-Mr_Chow_TriBeca-New_York_City_New_York.html,Mr. Chow - TriBeca,-74.00874
40.71289,4.5,https://www.tripadvisor.com/Restaurant_Review-g60763-d4330839-Reviews-Roy_Rogers_Restaurant-New_York_City_New_York.html,Roy Rogers Restaurant,-74.00758
40.7154,4.5,https://www.tripadvisor.com/Restaurant_Review-g60763-d4415974-Reviews-Jamba_Juice-New_York_City_New_York.html,Jamba Juice,-74.00965
40.71192,4,https://www.tripadvisor.com/Restaurant_Review-g60763-d2405587-Reviews-Oliva_Gourmet-New_York_City_New_York.html,Oliva Gourmet,-74.008514
40.72008,4,https://www.tripadvisor.com/Restaurant_Review-g60763-d8724006-Reviews-Grandaisy_Bakery-New_York_City_New_York.html,Grandaisy Bakery,-74.00604
40.7211,4,https://www.tripadvisor.com/Restaurant_Review-g60763-d423405-Reviews-Il_Mattone-New_York_City_New_York.html,Il Mattone,-74.00999
40.715763,3.5,https://www.tripadvisor.com/Restaurant_Review-g60763-d5102620-Reviews-McDonald_s-New_York_City_New_York.html,McDonald's,-74.00522
40.719467,4,https://www.tripadvisor.com/Restaurant_Review-g60763-d795472-Reviews-Bubble_Lounge_NYC-New_York_City_New_York.html,Bubble Lounge - NYC,-74.006386
40.71447,4,https://www.tripadvisor.com/Restaurant_Review-g60763-d7297570-Reviews-Kaede_Japanese_Restaurant-New_York_City_New_York.html,Kaede Japanese Restaurant,-74.00743
40.716103,4.5,https://www.tripadvisor.com/Restaurant_Review-g60763-d6614446-Reviews-Achilles_Heel-New_York_City_New_York.html,Achilles Heel,-74.01299
40.713295,4.5,https://www.tripadvisor.com/Restaurant_Review-g60763-d4800128-Reviews-Muscle_Maker_Grill-New_York_City_New_York.html,Muscle Maker Grill,-74.00823
40.71968,4.5,https://www.tripadvisor.com/Restaurant_Review-g60763-d5416465-Reviews-Bisutoro-New_York_City_New_York.html,Bisutoro,-74.003876
40.71742,4.5,https://www.tripadvisor.com/Restaurant_Review-g60763-d821506-Reviews-The_Hideaway-New_York_City_New_York.html,The Hideaway,-74.0103
40.71615,3.5,https://www.tripadvisor.com/Restaurant_Review-g60763-d7187970-Reviews-Burger_King-New_York_City_New_York.html,Burger King,-74.00505
40.71397,4,https://www.tripadvisor.com/Restaurant_Review-g60763-d1047404-Reviews-AMISH_FINE_FOOD-New_York_City_New_York.html,AMISH FINE FOOD,-74.01014
40.719246,4.5,https://www.tripadvisor.com/Restaurant_Review-g60763-d5262707-Reviews-Cafe_Clementine-New_York_City_New_York.html,Cafe Clementine,-74.00606
40.715164,5,https://www.tripadvisor.com/Restaurant_Review-g60763-d3734957-Reviews-Yorganic-New_York_City_New_York.html,Yorganic,-74.01087
40.71409,4,https://www.tripadvisor.com/Restaurant_Review-g60763-d534621-Reviews-Rosie_O_Grady_s_Pub-New_York_City_New_York.html,Rosie O'Grady's Pub,-74.00903
40.718727,4,https://www.tripadvisor.com/Restaurant_Review-g60763-d933820-Reviews-IPN_Deli-New_York_City_New_York.html,IPN Deli,-74.01041
40.716583,4.5,https://www.tripadvisor.com/Restaurant_Review-g60763-d541316-Reviews-Rosemarie_s-New_York_City_New_York.html,Rosemarie's,-74.00792
40.71749,4.5,https://www.tripadvisor.com/Restaurant_Review-g60763-d2372860-Reviews-Duane_Park_Pastisserie-New_York_City_New_York.html,Duane Park Pastisserie,-74.01007
40.722218,4,https://www.tripadvisor.com/Restaurant_Review-g60763-d457786-Reviews-Dylan_Prime-New_York_City_New_York.html,Dylan Prime,-74.00945
40.714764,4,https://www.tripadvisor.com/Restaurant_Review-g60763-d4817215-Reviews-The_Bigger_Place-New_York_City_New_York.html,The Bigger Place,-74.00958
40.715546,4,https://www.tripadvisor.com/Restaurant_Review-g60763-d424356-Reviews-Burritoville_Chambers_Street-New_York_City_New_York.html,Burritoville--Chambers Street,-74.00976
40.715023,4,https://www.tripadvisor.com/Restaurant_Review-g60763-d4478360-Reviews-New_China_Red_Gourmet-New_York_City_New_York.html,New China Red Gourmet,-74.008606
40.71289,3.5,https://www.tripadvisor.com/Restaurant_Review-g60763-d4417335-Reviews-Subway-New_York_City_New_York.html,Subway,-74.00758
40.720684,3.5,https://www.tripadvisor.com/Restaurant_Review-g60763-d8424205-Reviews-Antica_Ristorante_Tribeca-New_York_City_New_York.html,Antica Ristorante - Tribeca,-74.00436
40.714554,4,https://www.tripadvisor.com/Restaurant_Review-g60763-d424313-Reviews-Kiran-New_York_City_New_York.html,Kiran,-74.00757
40.71779,4,https://www.tripadvisor.com/Restaurant_Review-g60763-d3846827-Reviews-Burro_Borracho_Taqueria-New_York_City_New_York.html,Burro Borracho Taqueria,-74.00539
40.716045,4,https://www.tripadvisor.com/Restaurant_Review-g60763-d478344-Reviews-Lunchbox_Cafe-New_York_City_New_York.html,Lunchbox Cafe,-74.01081
40.71569,4,https://www.tripadvisor.com/Restaurant_Review-g60763-d4716444-Reviews-Taco_House-New_York_City_New_York.html,Taco House,-74.00761
40.714783,4,https://www.tripadvisor.com/Restaurant_Review-g60763-d5496883-Reviews-Hamachi_Sushi-New_York_City_New_York.html,Hamachi Sushi,-74.00666
40.71981,4,https://www.tripadvisor.com/Restaurant_Review-g60763-d4572089-Reviews-Tribeca_Park_Deli-New_York_City_New_York.html,Tribeca Park Deli,-74.00546
40.71337,4,https://www.tripadvisor.com/Restaurant_Review-g60763-d4456523-Reviews-Shinjuku_Japanese_Restaurant-New_York_City_New_York.html,Shinjuku Japanese Restaurant,-74.0089
40.71968,4,https://www.tripadvisor.com/Restaurant_Review-g60763-d3793251-Reviews-Tribeca_Canvas-New_York_City_New_York.html,Tribeca Canvas,-74.003876
40.71542,4,https://www.tripadvisor.com/Restaurant_Review-g60763-d4572004-Reviews-Delimarie-New_York_City_New_York.html,Delimarie,-74.006355
40.71818,3.5,https://www.tripadvisor.com/Restaurant_Review-g60763-d4473898-Reviews-Joey_Pepperoni_Pizza-New_York_City_New_York.html,Joey Pepperoni Pizza,-74.00311
40.72243,4.5,https://www.tripadvisor.com/Restaurant_Review-g60763-d6595435-Reviews-Daruma_Ya-New_York_City_New_York.html,Daruma-Ya,-74.00998
40.71623,3,https://www.tripadvisor.com/Restaurant_Review-g60763-d4729937-Reviews-Arome-New_York_City_New_York.html,Arome,-74.00497
40.71462,2.5,https://www.tripadvisor.com/Restaurant_Review-g60763-d477348-Reviews-Taste_of_Tandoor_Incorporated-New_York_City_New_York.html,Taste of Tandoor Incorporated,-74.00817
40.71316,2.5,https://www.tripadvisor.com/Restaurant_Review-g60763-d4561723-Reviews-Best_of_the_Best_Deli-New_York_City_New_York.html,Best of the Best Deli,-74.00821
40.71273,4.5,https://www.tripadvisor.com/Restaurant_Review-g60763-d3785720-Reviews-Bits_Bites_Baguettes-New_York_City_New_York.html,Bits Bites & Baguettes,-74.00857
40.714287,3,https://www.tripadvisor.com/Restaurant_Review-g60763-d424397-Reviews-Twenty_Warren_Street_Food-New_York_City_New_York.html,Twenty Warren Street Food,-74.00768
40.71459,2.5,https://www.tripadvisor.com/Restaurant_Review-g60763-d4247362-Reviews-Checker_s-New_York_City_New_York.html,Checker's,-74.0067
40.71398,3,https://www.tripadvisor.com/Restaurant_Review-g60763-d4729332-Reviews-Dunkin_Donuts-New_York_City_New_York.html,Dunkin' Donuts,-74.008934
40.714626,3,https://www.tripadvisor.com/Restaurant_Review-g60763-d4558489-Reviews-Bon_Bon_Chicken-New_York_City_New_York.html,Bon Bon Chicken,-74.00773
40.72332,4,https://www.tripadvisor.com/Restaurant_Review-g60763-d5210101-Reviews-Brio_Restaurant_NYC-New_York_City_New_York.html,Brio Restaurant NYC,-74.00846
40.720715,3.5,https://www.tripadvisor.com/Restaurant_Review-g60763-d1180885-Reviews-Wichcraft-New_York_City_New_York.html,'Wichcraft,-74.01008
40.71566,3,https://www.tripadvisor.com/Restaurant_Review-g60763-d4884213-Reviews-Sheezaan_Indian_Restaurant-New_York_City_New_York.html,Sheezaan Indian Restaurant,-74.007034
40.720844,3.5,https://www.tripadvisor.com/Restaurant_Review-g60763-d4247016-Reviews-Subway-New_York_City_New_York.html,Subway,-74.00873
40.716076,3.5,https://www.tripadvisor.com/Restaurant_Review-g60763-d4927929-Reviews-Dirty_Bird_to_go-New_York_City_New_York.html,Dirty Bird to-go,-74.00997
40.71759,3.5,https://www.tripadvisor.com/Restaurant_Review-g60763-d527781-Reviews-Cornerstone_Grill-New_York_City_New_York.html,Cornerstone Grill,-74.01039
40.71482,4.5,https://www.tripadvisor.com/Restaurant_Review-g60763-d3895214-Reviews-Silver_Lining-New_York_City_New_York.html,Silver Lining,-74.01055
40.715145,3.5,https://www.tripadvisor.com/Restaurant_Review-g60763-d3783947-Reviews-Baba_Ghanouge-New_York_City_New_York.html,Baba Ghanouge,-74.00754
40.71528,3.5,https://www.tripadvisor.com/Restaurant_Review-g60763-d4478208-Reviews-J_R_Sushi_2-New_York_City_New_York.html,J R Sushi 2,-74.00961
40.715202,3.5,https://www.tripadvisor.com/Restaurant_Review-g60763-d1774319-Reviews-Plein_Sud-New_York_City_New_York.html,Plein Sud,-74.00914
40.719116,,https://www.tripadvisor.com/Restaurant_Review-g60763-d4858247-Reviews-Epifaneo_Collective-New_York_City_New_York.html,Epifaneo Collective,-74.00311
40.713,3.5,https://www.tripadvisor.com/Restaurant_Review-g60763-d4760202-Reviews-Sabor_De_Mexico-New_York_City_New_York.html,Sabor De Mexico,-74.00834
40.71192,3.5,https://www.tripadvisor.com/Restaurant_Review-g60763-d6756394-Reviews-225_Bistro-New_York_City_New_York.html,225 Bistro,-74.008514
40.714783,,https://www.tripadvisor.com/Restaurant_Review-g60763-d5480750-Reviews-Acapulco_Fajita-New_York_City_New_York.html,Acapulco Fajita,-74.00666
40.71617,,https://www.tripadvisor.com/Restaurant_Review-g60763-d10722101-Reviews-Birdbath_Green_Bakery-New_York_City_New_York.html,Birdbath Green Bakery,-74.00717
40.71927,,https://www.tripadvisor.com/Restaurant_Review-g60763-d4549911-Reviews-2Spaghi-New_York_City_New_York.html,2Spaghi,-74.00651
40.71787,,https://www.tripadvisor.com/Restaurant_Review-g60763-d424398-Reviews-Cantina_Pictures-New_York_City_New_York.html,Cantina Pictures,-74.00337
40.715847,,https://www.tripadvisor.com/Restaurant_Review-g60763-d4811766-Reviews-Yawa_Sushi-New_York_City_New_York.html,Yawa Sushi,-74.00722
40.71327,,https://www.tripadvisor.com/Restaurant_Review-g60763-d3734964-Reviews-Copper_Barrel-New_York_City_New_York.html,Copper Barrel,-74.00804
40.71791,,https://www.tripadvisor.com/Restaurant_Review-g60763-d5220905-Reviews-Koritorinyc-New_York_City_New_York.html,Koritorinyc,-74.005325
40.7179,,https://www.tripadvisor.com/Restaurant_Review-g60763-d527494-Reviews-Cafe_New_Territories-New_York_City_New_York.html,Cafe New Territories,-74.00706
40.720173,,https://www.tripadvisor.com/Restaurant_Review-g60763-d10778920-Reviews-City_Vineyard-New_York_City_New_York.html,City Vineyard,-74.0141
40.71615,,https://www.tripadvisor.com/Restaurant_Review-g60763-d4819703-Reviews-Siring_Asian_Grill-New_York_City_New_York.html,Siring Asian Grill,-74.00505
40.719975,,https://www.tripadvisor.com/Restaurant_Review-g60763-d4509216-Reviews-Ashiya_Sushi-New_York_City_New_York.html,Ashiya Sushi,-74.01042
40.72138,,https://www.tripadvisor.com/Restaurant_Review-g60763-d5222919-Reviews-The_Piggy_Ride_Steakhouse-New_York_City_New_York.html,The Piggy Ride Steakhouse,-74.005615
40.72067,,https://www.tripadvisor.com/Restaurant_Review-g60763-d3792624-Reviews-Cachacaria_Boteco-New_York_City_New_York.html,Cachacaria Boteco,-74.00523
40.721054,,https://www.tripadvisor.com/Restaurant_Review-g60763-d5222778-Reviews-Pizzarriba-New_York_City_New_York.html,Pizzarriba,-74.00553
40.71909,,https://www.tripadvisor.com/Restaurant_Review-g60763-d4276210-Reviews-M1_5-New_York_City_New_York.html,M1-5,-74.00332
40.717094,,https://www.tripadvisor.com/Restaurant_Review-g60763-d521061-Reviews-I_Restaurant-New_York_City_New_York.html,I Restaurant,-74.00603
40.714985,,https://www.tripadvisor.com/Restaurant_Review-g60763-d4479235-Reviews-Park_Lane_Deli-New_York_City_New_York.html,Park Lane Deli,-74.00627
40.71683,,https://www.tripadvisor.com/Restaurant_Review-g60763-d10722080-Reviews-The_Bennett-New_York_City_New_York.html,The Bennett,-74.007324
40.71995,,https://www.tripadvisor.com/Restaurant_Review-g60763-d3736955-Reviews-Peace_Love-New_York_City_New_York.html,Peace & Love,-74.01043
40.721672,,https://www.tripadvisor.com/Restaurant_Review-g60763-d3802679-Reviews-Benchmarc_Events-New_York_City_New_York.html,Benchmarc Events,-74.006134
40.715145,,https://www.tripadvisor.com/Restaurant_Review-g60763-d10113609-Reviews-Sun_In_Bloom-New_York_City_New_York.html,Sun In Bloom,-74.00754
40.713337,,https://www.tripadvisor.com/Restaurant_Review-g60763-d6542634-Reviews-10_Jin_s_Empire_Asian_Cuisine-New_York_City_New_York.html,10 Jin's Empire Asian Cuisine,-74.00819
40.71842,,https://www.tripadvisor.com/Restaurant_Review-g60763-d5455597-Reviews-Weinstock_Sylvia_Cakes-New_York_City_New_York.html,Weinstock Sylvia Cakes,-74.00485
40.71468,,https://www.tripadvisor.com/Restaurant_Review-g60763-d3330807-Reviews-Bank_Mi-New_York_City_New_York.html,Bank Mi,-74.00972
40.718792,,https://www.tripadvisor.com/Restaurant_Review-g60763-d4926132-Reviews-Theatre_Bar-New_York_City_New_York.html,Theatre Bar,-74.00599
40.714134,,https://www.tripadvisor.com/Restaurant_Review-g60763-d424299-Reviews-Shore-New_York_City_New_York.html,Shore,-74.00903
40.716194,,https://www.tripadvisor.com/Restaurant_Review-g60763-d4282073-Reviews-Cafe_Guerande-New_York_City_New_York.html,Cafe Guerande,-74.00493
40.71625,,https://www.tripadvisor.com/Restaurant_Review-g60763-d3438651-Reviews-The_Falcon-New_York_City_New_York.html,the Falcon,-74.01326
40.715202,,https://www.tripadvisor.com/Restaurant_Review-g60763-d4725968-Reviews-Toro_Lounge-New_York_City_New_York.html,Toro Lounge,-74.00914
40.717712,,https://www.tripadvisor.com/Restaurant_Review-g60763-d5035544-Reviews-Sullivan_S-New_York_City_New_York.html,Sullivan S,-74.01505
40.716503,1,https://www.tripadvisor.com/Restaurant_Review-g60763-d1114004-Reviews-Golden_krust-New_York_City_New_York.html,golden krust,-74.00468
40.719563,,https://www.tripadvisor.com/Restaurant_Review-g60763-d424377-Reviews-Bui_So-New_York_City_New_York.html,Bui So,-74.005356
40.714767,2.5,https://www.tripadvisor.com/Restaurant_Review-g60763-d5417274-Reviews-New_Fresco_Tortillas-New_York_City_New_York.html,New Fresco Tortillas,-74.0067
40.719994,2.5,https://www.tripadvisor.com/Restaurant_Review-g60763-d423556-Reviews-Tribeca_Pizzeria-New_York_City_New_York.html,Tribeca Pizzeria,-74.010544
40.715733,3.5,https://www.tripadvisor.com/Restaurant_Review-g60763-d4734005-Reviews-Tribeca_Treats-New_York_City_New_York.html,Tribeca Treats,-74.007866
40.71782,,https://www.tripadvisor.com/Restaurant_Review-g60763-d10724744-Reviews-Two_Hands_Restaurant_Bar-New_York_City_New_York.html,Two Hands Restaurant & Bar,-74.00547
40.714977,3.5,https://www.tripadvisor.com/Restaurant_Review-g60763-d4479254-Reviews-Sun_Cafe-New_York_City_New_York.html,Sun Cafe,-74.00683
40.720016,4,https://www.tripadvisor.com/Restaurant_Review-g60763-d424386-Reviews-Nhu_Y-New_York_City_New_York.html,Nhu Y,-74.003494
40.714706,,https://www.tripadvisor.com/Restaurant_Review-g60763-d424384-Reviews-Downtown_Palace_Tribeca_Incorporated-New_York_City_New_York.html,Downtown Palace Tribeca Incorporated,-74.00917
40.72067,,https://www.tripadvisor.com/Restaurant_Review-g60763-d10081946-Reviews-Bar_Artisanal-New_York_City_New_York.html,Bar Artisanal,-74.00523
40.714134,,https://www.tripadvisor.com/Restaurant_Review-g60763-d4820583-Reviews-My_Belly_s_Playlist-New_York_City_New_York.html,My Belly's Playlist,-74.00903
40.715145,4,https://www.tripadvisor.com/Restaurant_Review-g60763-d1924143-Reviews-Capri_Cafe-New_York_City_New_York.html,Capri Cafe,-74.00754
40.71598,3.5,https://www.tripadvisor.com/Restaurant_Review-g60763-d4248077-Reviews-Subway-New_York_City_New_York.html,Subway,-74.00996
40.715397,,https://www.tripadvisor.com/Restaurant_Review-g60763-d4263766-Reviews-Blimpie-New_York_City_New_York.html,Blimpie,-74.00741
40.712658,4,https://www.tripadvisor.com/Restaurant_Review-g60763-d533403-Reviews-Park_Place_Cafe-New_York_City_New_York.html,Park Place Cafe,-74.007965
40.71908,3.5,https://www.tripadvisor.com/Restaurant_Review-g60763-d4797493-Reviews-Josephine_Cafe_Francais-New_York_City_New_York.html,Josephine Cafe Francais,-74.01065
40.715977,3.5,https://www.tripadvisor.com/Restaurant_Review-g60763-d459679-Reviews-Amore_Pizza_Restaurant-New_York_City_New_York.html,Amore Pizza Restaurant,-74.0097
40.71788,3.5,https://www.tripadvisor.com/Restaurant_Review-g60763-d424353-Reviews-Terry_s-New_York_City_New_York.html,Terry's,-74.01575
40.71945,3.5,https://www.tripadvisor.com/Restaurant_Review-g60763-d528052-Reviews-Riverrun_Cafe-New_York_City_New_York.html,Riverrun Cafe,-74.00881
40.714302,4,https://www.tripadvisor.com/Restaurant_Review-g60763-d4425712-Reviews-Subway-New_York_City_New_York.html,Subway,-74.00942
40.71447,4.5,https://www.tripadvisor.com/Restaurant_Review-g60763-d2643251-Reviews-Jerry_s_Cafe-New_York_City_New_York.html,Jerry's Cafe,-74.00743
40.717148,3.5,https://www.tripadvisor.com/Restaurant_Review-g60763-d459259-Reviews-Salaam_Bombay-New_York_City_New_York.html,Salaam Bombay,-74.01076
40.714943,4.5,https://www.tripadvisor.com/Restaurant_Review-g60763-d5035585-Reviews-Andy_s_Deli-New_York_City_New_York.html,Andy's Deli,-74.00604
40.71555,3.5,https://www.tripadvisor.com/Restaurant_Review-g60763-d478261-Reviews-Pakistan_Tea_House-New_York_City_New_York.html,Pakistan Tea House,-74.00745
40.715145,4,https://www.tripadvisor.com/Restaurant_Review-g60763-d4480785-Reviews-Subway-New_York_City_New_York.html,Subway,-74.00754
40.71756,3.5,https://www.tripadvisor.com/Restaurant_Review-g60763-d541337-Reviews-Tokyo_Bay-New_York_City_New_York.html,Tokyo Bay,-74.0102
40.715126,4,https://www.tripadvisor.com/Restaurant_Review-g60763-d424242-Reviews-Il_Giglio-New_York_City_New_York.html,Il Giglio,-74.01052
40.71561,4,https://www.tripadvisor.com/Restaurant_Review-g60763-d4247028-Reviews-Domino_s_Pizza-New_York_City_New_York.html,Domino's Pizza,-74.00711
40.71889,4.5,https://www.tripadvisor.com/Restaurant_Review-g60763-d4467518-Reviews-Maslow_6-New_York_City_New_York.html,Maslow 6,-74.00622
40.71432,3.5,https://www.tripadvisor.com/Restaurant_Review-g60763-d1164227-Reviews-Brick_NYC-New_York_City_New_York.html,Brick NYC,-74.00777
40.71951,4,https://www.tripadvisor.com/Restaurant_Review-g60763-d4441445-Reviews-Los_Americanos-New_York_City_New_York.html,Los Americanos,-74.00413
40.716194,4,https://www.tripadvisor.com/Restaurant_Review-g60763-d4893212-Reviews-Subway-New_York_City_New_York.html,Subway,-74.00493
40.715946,4,https://www.tripadvisor.com/Restaurant_Review-g60763-d1995166-Reviews-Mehtaphor-New_York_City_New_York.html,Mehtaphor,-74.007355
40.71345,4,https://www.tripadvisor.com/Restaurant_Review-g60763-d2626132-Reviews-Lilly_O_Brien_s_Bar_Restaurant-New_York_City_New_York.html,Lilly O'Brien's Bar & Restaurant,-74.00868
40.71372,4.5,https://www.tripadvisor.com/Restaurant_Review-g60763-d4114290-Reviews-Starbucks-New_York_City_New_York.html,Starbucks,-74.00924
40.71357,4,https://www.tripadvisor.com/Restaurant_Review-g60763-d8153394-Reviews-Jupioca-New_York_City_New_York.html,Jupioca,-74.00877
40.716633,4.5,https://www.tripadvisor.com/Restaurant_Review-g60763-d4442890-Reviews-Variety_Cafe-New_York_City_New_York.html,Variety Cafe,-74.004555
,3.5,https://www.tripadvisor.com/Restaurant_Review-g60763-d2528619-Reviews-The_Woolworth_Tower_Kitchen-New_York_City_New_York.html,,
40.71661,4.5,https://www.tripadvisor.com/Restaurant_Review-g60763-d549091-Reviews-Bar_Odeon-New_York_City_New_York.html,Bar Odeon,-74.00839
40.71466,5,https://www.tripadvisor.com/Restaurant_Review-g60763-d3717214-Reviews-Baskin_Robbins-New_York_City_New_York.html,Baskin-Robbins,-74.007805
40.71933,4,https://www.tripadvisor.com/Restaurant_Review-g60763-d4516324-Reviews-Benvenuto_s_Tribeca_Restaurant-New_York_City_New_York.html,Benvenuto's Tribeca Restaurant,-74.01031
40.715145,4,https://www.tripadvisor.com/Restaurant_Review-g60763-d5087923-Reviews-Sole_di_Capri-New_York_City_New_York.html,Sole di Capri,-74.00754
40.716465,5,https://www.tripadvisor.com/Restaurant_Review-g60763-d7316924-Reviews-Macaron_Cafe-New_York_City_New_York.html,Macaron Cafe,-74.01071
40.714214,4,https://www.tripadvisor.com/Restaurant_Review-g60763-d3964103-Reviews-The_Cricketer_s_Arms-New_York_City_New_York.html,The Cricketer's Arms,-74.00982
40.723988,4,https://www.tripadvisor.com/Restaurant_Review-g60763-d6154977-Reviews-China_Blue-New_York_City_New_York.html,China Blue,-74.009964
40.718544,4,https://www.tripadvisor.com/Restaurant_Review-g60763-d4889072-Reviews-Puffy_s_Tavern-New_York_City_New_York.html,Puffy's Tavern,-74.009026
40.71423,4,https://www.tripadvisor.com/Restaurant_Review-g60763-d4731156-Reviews-Tasti_D_Lite-New_York_City_New_York.html,Tasti D-Lite,-74.00689
40.7208,5,https://www.tripadvisor.com/Restaurant_Review-g60763-d10335749-Reviews-Il_Mattone-New_York_City_New_York.html,Il Mattone,-74.009125
40.716034,4.5,https://www.tripadvisor.com/Restaurant_Review-g60763-d2586927-Reviews-Lotus_Blue-New_York_City_New_York.html,Lotus Blue,-74.00848
40.720005,5,https://www.tripadvisor.com/Restaurant_Review-g60763-d5074953-Reviews-Saluggi_s_Sandwich_Shoppe-New_York_City_New_York.html,Saluggi's Sandwich Shoppe,-74.003746
40.714645,4.5,https://www.tripadvisor.com/Restaurant_Review-g60763-d925122-Reviews-Mangez_Avec_Moi-New_York_City_New_York.html,Mangez Avec Moi,-74.009674
40.719753,4,https://www.tripadvisor.com/Restaurant_Review-g60763-d4416466-Reviews-Tribeca_Tavern_and_Cafe-New_York_City_New_York.html,Tribeca Tavern and Cafe,-74.00563
40.715145,4.5,https://www.tripadvisor.com/Restaurant_Review-g60763-d3782305-Reviews-Dona_Bella_Pizza-New_York_City_New_York.html,Dona Bella Pizza,-74.00797
40.721333,4.5,https://www.tripadvisor.com/Restaurant_Review-g60763-d8130078-Reviews-Sweetgreen-New_York_City_New_York.html,Sweetgreen,-74.00969
40.71892,4.5,https://www.tripadvisor.com/Restaurant_Review-g60763-d8786035-Reviews-Terroir_Tribeca-New_York_City_New_York.html,Terroir Tribeca,-74.00996
40.721294,4.5,https://www.tripadvisor.com/Restaurant_Review-g60763-d9601642-Reviews-Roll_and_Go_Pizza-New_York_City_New_York.html,Roll and Go Pizza,-74.00495
40.715397,4,https://www.tripadvisor.com/Restaurant_Review-g60763-d6124624-Reviews-Church_Publick-New_York_City_New_York.html,Church Publick,-74.00741
40.717556,4,https://www.tripadvisor.com/Restaurant_Review-g60763-d874212-Reviews-Max-New_York_City_New_York.html,Max,-74.01013
40.71467,4.5,https://www.tripadvisor.com/Restaurant_Review-g60763-d4126361-Reviews-The_Hummus_And_Pita_Co-New_York_City_New_York.html,The Hummus And Pita Co,-74.00679
40.715393,4,https://www.tripadvisor.com/Restaurant_Review-g60763-d6375982-Reviews-Beans_and_Greens-New_York_City_New_York.html,Beans and Greens,-74.014755
40.718544,4.5,https://www.tripadvisor.com/Restaurant_Review-g60763-d3964060-Reviews-Sake_Bar_Shigure-New_York_City_New_York.html,Sake Bar Shigure,-74.00477
40.723465,4.5,https://www.tripadvisor.com/Restaurant_Review-g60763-d6478715-Reviews-Tribeca_Rooftop-New_York_City_New_York.html,Tribeca Rooftop,-74.0083
40.715164,4,https://www.tripadvisor.com/Restaurant_Review-g60763-d4635124-Reviews-Chipotle_Mexican_Grill-New_York_City_New_York.html,Chipotle Mexican Grill,-74.01087
40.714676,5,https://www.tripadvisor.com/Restaurant_Review-g60763-d10160270-Reviews-Gunbae_Tribeca-New_York_City_New_York.html,Gunbae Tribeca,-74.01024
40.71796,4.5,https://www.tripadvisor.com/Restaurant_Review-g60763-d424263-Reviews-Kori-New_York_City_New_York.html,Kori,-74.00556
40.720856,4,https://www.tripadvisor.com/Restaurant_Review-g60763-d3292517-Reviews-Greenwich_Street_Taven-New_York_City_New_York.html,Greenwich Street Taven,-74.00977
40.716553,4.5,https://www.tripadvisor.com/Restaurant_Review-g60763-d424314-Reviews-Takahachi_Tribeca_Restaurant-New_York_City_New_York.html,Takahachi Tribeca Restaurant,-74.007965
40.71407,4,https://www.tripadvisor.com/Restaurant_Review-g60763-d2516365-Reviews-Woodrow_s-New_York_City_New_York.html,Woodrow's,-74.00917
40.71575,4.5,https://www.tripadvisor.com/Restaurant_Review-g60763-d2137032-Reviews-Ward_III-New_York_City_New_York.html,Ward III,-74.0087
40.7142,4,https://www.tripadvisor.com/Restaurant_Review-g60763-d3806802-Reviews-Benares-New_York_City_New_York.html,Benares,-74.00918
40.71562,3.5,https://www.tripadvisor.com/Restaurant_Review-g60763-d3436225-Reviews-Sazon-New_York_City_New_York.html,Sazon,-74.00849
40.7196,4.5,https://www.tripadvisor.com/Restaurant_Review-g60763-d7913536-Reviews-Almond_Tribeca-New_York_City_New_York.html,Almond Tribeca,-74.00963
40.72023,4,https://www.tripadvisor.com/Restaurant_Review-g60763-d2179992-Reviews-Saluggis-New_York_City_New_York.html,Saluggis,-74.00378
40.719418,4,https://www.tripadvisor.com/Restaurant_Review-g60763-d7108667-Reviews-Anejo_Tribeca-New_York_City_New_York.html,Anejo Tribeca,-74.00453
40.71411,4.5,https://www.tripadvisor.com/Restaurant_Review-g60763-d6620260-Reviews-By_Suzette-New_York_City_New_York.html,By Suzette,-74.006615
40.71503,4.5,https://www.tripadvisor.com/Restaurant_Review-g60763-d4811032-Reviews-Warren_77-New_York_City_New_York.html,Warren 77,-74.01039
40.71376,4.5,https://www.tripadvisor.com/Restaurant_Review-g60763-d3157421-Reviews-Dark_Horse-New_York_City_New_York.html,Dark Horse,-74.0082
40.71638,4.5,https://www.tripadvisor.com/Restaurant_Review-g60763-d459258-Reviews-Reade_Street_Pub_Kitchen-New_York_City_New_York.html,Reade Street Pub & Kitchen,-74.00965
40.7238,4.5,https://www.tripadvisor.com/Restaurant_Review-g60763-d1036120-Reviews-Estancia_460-New_York_City_New_York.html,Estancia 460,-74.00963
40.718422,4.5,https://www.tripadvisor.com/Restaurant_Review-g60763-d2218835-Reviews-South_s_Bar_Restaurant-New_York_City_New_York.html,South's Bar & Restaurant,-74.00486
40.71491,4,https://www.tripadvisor.com/Restaurant_Review-g60763-d3507918-Reviews-Le_Pain_Quotidien_Tribeca-New_York_City_New_York.html,Le Pain Quotidien Tribeca,-74.009514
40.7169,5,https://www.tripadvisor.com/Restaurant_Review-g60763-d6819127-Reviews-Arcade_Bakery-New_York_City_New_York.html,Arcade Bakery,-74.00693
40.71881,4,https://www.tripadvisor.com/Restaurant_Review-g60763-d6732496-Reviews-Tutto_Il_Giorno-New_York_City_New_York.html,Tutto Il Giorno,-74.00597
40.715523,4,https://www.tripadvisor.com/Restaurant_Review-g60763-d8419181-Reviews-Whole_Foods-New_York_City_New_York.html,Whole Foods,-74.01145
40.720722,3.5,https://www.tripadvisor.com/Restaurant_Review-g60763-d2445237-Reviews-AOA_Bar_and_Grill-New_York_City_New_York.html,AOA Bar and Grill,-74.005486
40.71635,4,https://www.tripadvisor.com/Restaurant_Review-g60763-d479260-Reviews-City_Hall_Restaurant-New_York_City_New_York.html,City Hall Restaurant,-74.00755
40.72138,4.5,https://www.tripadvisor.com/Restaurant_Review-g60763-d6994035-Reviews-Black_Burger-New_York_City_New_York.html,Black Burger,-74.00497
40.72241,4.5,https://www.tripadvisor.com/Restaurant_Review-g60763-d1437915-Reviews-Sushi_azabu-New_York_City_New_York.html,sushi azabu,-74.009895
40.714573,4.5,https://www.tripadvisor.com/Restaurant_Review-g60763-d1182106-Reviews-Sophie_s_Cuban_Cuisine-New_York_City_New_York.html,Sophie's Cuban Cuisine,-74.00766
40.71695,4,https://www.tripadvisor.com/Restaurant_Review-g60763-d459594-Reviews-Edward_s-New_York_City_New_York.html,Edward's,-74.00831
40.71507,4,https://www.tripadvisor.com/Restaurant_Review-g60763-d3620130-Reviews-Wei_West-New_York_City_New_York.html,Wei West,-74.01482
40.715797,4,https://www.tripadvisor.com/Restaurant_Review-g60763-d426049-Reviews-Acappella_Ristorante-New_York_City_New_York.html,Acappella Ristorante,-74.00938
40.718906,4.5,https://www.tripadvisor.com/Restaurant_Review-g60763-d8107915-Reviews-Gotan-New_York_City_New_York.html,Gotan,-74.0072
40.72033,4,https://www.tripadvisor.com/Restaurant_Review-g60763-d6844692-Reviews-Grand_Banks-New_York_City_New_York.html,Grand Banks,-74.01609
40.719757,4.5,https://www.tripadvisor.com/Restaurant_Review-g60763-d8073151-Reviews-Belle_Reve-New_York_City_New_York.html,Belle Reve,-74.00731
40.712708,4.5,https://www.tripadvisor.com/Restaurant_Review-g60763-d4009815-Reviews-Aroma_Espresso_Bar-New_York_City_New_York.html,Aroma Espresso Bar,-74.009705
40.719437,4,https://www.tripadvisor.com/Restaurant_Review-g60763-d423301-Reviews-Nobu_Next_Door-New_York_City_New_York.html,Nobu Next Door,-74.00888
40.71957,4.5,https://www.tripadvisor.com/Restaurant_Review-g60763-d590531-Reviews-Cercle_Rouge-New_York_City_New_York.html,Cercle Rouge,-74.005646
40.719063,4.5,https://www.tripadvisor.com/Restaurant_Review-g60763-d5243241-Reviews-Tablao_Tapas-New_York_City_New_York.html,Tablao Tapas,-74.01011
40.71529,4,https://www.tripadvisor.com/Restaurant_Review-g60763-d424245-Reviews-Ecco-New_York_City_New_York.html,Ecco!,-74.00874
40.71966,4.5,https://www.tripadvisor.com/Restaurant_Review-g60763-d445194-Reviews-Walkers-New_York_City_New_York.html,Walkers,-74.00702
40.717903,4,https://www.tripadvisor.com/Restaurant_Review-g60763-d424301-Reviews-Landmarc-New_York_City_New_York.html,Landmarc,-74.00704
40.714603,4,https://www.tripadvisor.com/Restaurant_Review-g60763-d3741362-Reviews-Pick_A_Bagel-New_York_City_New_York.html,Pick A Bagel,-74.01511
40.716682,4,https://www.tripadvisor.com/Restaurant_Review-g60763-d2256318-Reviews-Brushstroke-New_York_City_New_York.html,Brushstroke,-74.00894
40.71646,4,https://www.tripadvisor.com/Restaurant_Review-g60763-d595545-Reviews-Blaue_Gans-New_York_City_New_York.html,Blaue Gans,-74.00777
40.71564,4.5,https://www.tripadvisor.com/Restaurant_Review-g60763-d4323287-Reviews-Nish_Nush-New_York_City_New_York.html,Nish Nush,-74.00776
40.71172,4.5,https://www.tripadvisor.com/Restaurant_Review-g60763-d7181223-Reviews-White_Street-New_York_City_New_York.html,White Street,-74.00838
40.715282,4.5,https://www.tripadvisor.com/Restaurant_Review-g60763-d2203077-Reviews-Shake_Shack-New_York_City_New_York.html,Shake Shack,-74.0148
40.72,4.5,https://www.tripadvisor.com/Restaurant_Review-g60763-d1182433-Reviews-Brandy_Library-New_York_City_New_York.html,Brandy Library,-74.00711
40.715508,4,https://www.tripadvisor.com/Restaurant_Review-g60763-d508689-Reviews-Gee_Whiz_Restaurant-New_York_City_New_York.html,Gee Whiz Restaurant,-74.011314
